key,real,imag
512_512,0.000003,-0.000017
512_1024,0.000102,0.000549
512_1536,0.000202,0.001002
512_2048,0.000205,0.000997
1024_512,-0.000062,0.000593
1024_1024,-0.004809,-0.027192
1024_1536,-0.009439,-0.051414
1024_2048,-0.009496,-0.051033
1536_512,-0.000126,0.001193
1536_1024,-0.009557,-0.053822
1536_1536,-0.018761,-0.101718
1536_2048,-0.018877,-0.100959
2048_512,-0.000123,0.001176
2048_1024,-0.009454,-0.053292
2048_1536,-0.018557,-0.100752
2048_2048,-0.018671,-0.099998
