key,real,imag
512_512,0.000003,-0.000017
512_1024,0.000102,0.000549
512_1536,0.000202,0.001002
512_2048,0.000205,0.000998
1024_512,-0.000062,0.000592
1024_1024,-0.004809,-0.027192
1024_1536,-0.009440,-0.051390
1024_2048,-0.009496,-0.051032
1536_512,-0.000126,0.001192
1536_1024,-0.009557,-0.053798
1536_1536,-0.018763,-0.101669
1536_2048,-0.018879,-0.100911
2048_512,-0.000123,0.001177
2048_1024,-0.009454,-0.053291
2048_1536,-0.018559,-0.100704
2048_2048,-0.018671,-0.099998
