key,real,imag
2048_2048,-0.018671,-0.099998
