key,real,imag
1024_1024,-0.004698,-0.026481
1024_2048,-0.009389,-0.050344
2048_1024,-0.009341,-0.052603
2048_2048,-0.018671,-0.099998
