key,real,imag
512_512,0.000003,-0.000017
512_1024,0.000102,0.00054
512_1536,0.000203,0.00099
512_2048,0.000206,0.000986
1024_512,-0.000061,0.000584
1024_1024,-0.004698,-0.026481
1024_1536,-0.009332,-0.050728
1024_2048,-0.009389,-0.050344
1536_512,-0.000125,0.001181
1536_1024,-0.009444,-0.053137
1536_1536,-0.01876,-0.101742
1536_2048,-0.018877,-0.100972
2048_512,-0.000122,0.001165
2048_1024,-0.009341,-0.052603
2048_1536,-0.018557,-0.100764
2048_2048,-0.018671,-0.099998
